-- MySQL dump 10.13  Distrib 8.0.43, for Linux (x86_64)
--
-- Host: localhost    Database: taskkash
-- ------------------------------------------------------
-- Server version	8.0.43-0ubuntu0.22.04.2

/*!40101 SET @OLD_CHARACTER_SET_CLIENT=@@CHARACTER_SET_CLIENT */;
/*!40101 SET @OLD_CHARACTER_SET_RESULTS=@@CHARACTER_SET_RESULTS */;
/*!40101 SET @OLD_COLLATION_CONNECTION=@@COLLATION_CONNECTION */;
/*!50503 SET NAMES utf8mb4 */;
/*!40103 SET @OLD_TIME_ZONE=@@TIME_ZONE */;
/*!40103 SET TIME_ZONE='+00:00' */;
/*!40014 SET @OLD_UNIQUE_CHECKS=@@UNIQUE_CHECKS, UNIQUE_CHECKS=0 */;
/*!40014 SET @OLD_FOREIGN_KEY_CHECKS=@@FOREIGN_KEY_CHECKS, FOREIGN_KEY_CHECKS=0 */;
/*!40101 SET @OLD_SQL_MODE=@@SQL_MODE, SQL_MODE='NO_AUTO_VALUE_ON_ZERO' */;
/*!40111 SET @OLD_SQL_NOTES=@@SQL_NOTES, SQL_NOTES=0 */;

--
-- Table structure for table `advertisers`
--

DROP TABLE IF EXISTS `advertisers`;
/*!40101 SET @saved_cs_client     = @@character_set_client */;
/*!50503 SET character_set_client = utf8mb4 */;
CREATE TABLE `advertisers` (
  `id` int NOT NULL AUTO_INCREMENT,
  `openId` varchar(64) NOT NULL,
  `email` varchar(320) NOT NULL,
  `password` varchar(255) DEFAULT NULL,
  `nameEn` text,
  `nameAr` text,
  `slug` varchar(255) DEFAULT NULL,
  `logoUrl` text,
  `websiteUrl` text,
  `descriptionEn` text,
  `descriptionAr` text,
  `isActive` tinyint(1) DEFAULT '1',
  `balance` decimal(10,2) DEFAULT '0.00',
  `totalSpent` decimal(10,2) DEFAULT '0.00',
  `createdAt` timestamp NULL DEFAULT CURRENT_TIMESTAMP,
  `updatedAt` timestamp NULL DEFAULT CURRENT_TIMESTAMP ON UPDATE CURRENT_TIMESTAMP,
  PRIMARY KEY (`id`),
  UNIQUE KEY `openId` (`openId`),
  UNIQUE KEY `slug` (`slug`)
) ENGINE=InnoDB AUTO_INCREMENT=16 DEFAULT CHARSET=utf8mb4 COLLATE=utf8mb4_0900_ai_ci;
/*!40101 SET character_set_client = @saved_cs_client */;

--
-- Dumping data for table `advertisers`
--

LOCK TABLES `advertisers` WRITE;
/*!40000 ALTER TABLE `advertisers` DISABLE KEYS */;
INSERT INTO `advertisers` VALUES (1,'adv_samsung_001','contact@samsung-egypt.com','$2b$10$VQkWXQ1a3sI/IGDRj3fYu..vMsKrIyI5A4SAbqEC813IyW4OKs4KG','Samsung Egypt','سامسونج مصر','samsung-egypt','/covers/samsung.png','https://www.samsung.com/eg/','Leading electronics manufacturer','الشركة الرائدة في تصنيع الإلكترونيات',1,50000.00,0.00,'2025-11-10 13:15:55','2025-11-10 14:16:32'),(2,'adv_vodafone_001','info@vodafone.com.eg','$2b$10$VQkWXQ1a3sI/IGDRj3fYu..vMsKrIyI5A4SAbqEC813IyW4OKs4KG','Vodafone Egypt','فودافون مصر','vodafone-egypt','/covers/vodafone.png','https://www.vodafone.com.eg/','Leading telecom provider','مزود الاتصالات الرائد',1,40000.00,0.00,'2025-11-10 13:15:55','2025-11-10 14:16:32'),(3,'adv_cocacola_001','contact@coca-cola-egypt.com','$2b$10$VQkWXQ1a3sI/IGDRj3fYu..vMsKrIyI5A4SAbqEC813IyW4OKs4KG','Coca-Cola Egypt','كوكاكولا مصر','cocacola-egypt','/covers/cocacola.png','https://www.coca-cola.com/','World-famous beverage company','شركة المشروبات العالمية الشهيرة',1,30000.00,0.00,'2025-11-10 13:15:55','2025-11-10 14:16:32'),(12,'adv_orange_001','info@orange.eg','$2b$10$VQkWXQ1a3sI/IGDRj3fYu..vMsKrIyI5A4SAbqEC813IyW4OKs4KG','Orange Egypt','أورانج مصر','orange-egypt','/covers/orange.png','https://www.orange.eg/','Leading mobile network operator','مشغل الشبكة المحمولة الرائد',1,35000.00,0.00,'2025-11-11 21:32:29','2025-11-11 21:32:29'),(13,'adv_mansour_001','contact@mansourgroup.com','$2b$10$VQkWXQ1a3sI/IGDRj3fYu..vMsKrIyI5A4SAbqEC813IyW4OKs4KG','Mansour Group','مجموعة منصور','mansour-group','/covers/mansour.png','https://www.mansourgroup.com/','Leading automotive and consumer goods distributor','الموزع الرائد للسيارات والسلع الاستهلاكية',1,45000.00,0.00,'2025-11-11 21:32:29','2025-11-11 21:32:29');
/*!40000 ALTER TABLE `advertisers` ENABLE KEYS */;
UNLOCK TABLES;

--
-- Table structure for table `tasks`
--

DROP TABLE IF EXISTS `tasks`;
/*!40101 SET @saved_cs_client     = @@character_set_client */;
/*!50503 SET character_set_client = utf8mb4 */;
CREATE TABLE `tasks` (
  `id` int NOT NULL AUTO_INCREMENT,
  `advertiserId` int NOT NULL,
  `type` varchar(50) NOT NULL,
  `titleEn` text NOT NULL,
  `titleAr` text,
  `descriptionEn` text NOT NULL,
  `descriptionAr` text,
  `reward` decimal(10,2) NOT NULL,
  `totalBudget` decimal(10,2) NOT NULL,
  `completionsNeeded` int NOT NULL,
  `completionsCount` int DEFAULT '0',
  `minimumBudget` decimal(10,2) NOT NULL,
  `difficulty` varchar(20) DEFAULT 'medium',
  `duration` int NOT NULL,
  `status` varchar(20) DEFAULT 'draft',
  `targetAgeMin` int DEFAULT NULL,
  `targetAgeMax` int DEFAULT NULL,
  `targetGender` varchar(10) DEFAULT NULL,
  `targetLocations` text,
  `targetTiers` text,
  `allowMultipleCompletions` tinyint(1) DEFAULT '0',
  `dailyLimitPerUser` int DEFAULT '0',
  `requiresMinimumTier` varchar(10) DEFAULT NULL,
  `verificationMethod` varchar(50) DEFAULT 'automatic',
  `passingScore` int DEFAULT '80',
  `minWatchPercentage` int DEFAULT '80',
  `taskData` text,
  `createdAt` timestamp NULL DEFAULT CURRENT_TIMESTAMP,
  `updatedAt` timestamp NULL DEFAULT CURRENT_TIMESTAMP ON UPDATE CURRENT_TIMESTAMP,
  `publishedAt` timestamp NULL DEFAULT NULL,
  `expiresAt` timestamp NULL DEFAULT NULL,
  PRIMARY KEY (`id`),
  KEY `advertiserId` (`advertiserId`),
  CONSTRAINT `tasks_ibfk_1` FOREIGN KEY (`advertiserId`) REFERENCES `advertisers` (`id`) ON DELETE CASCADE
) ENGINE=InnoDB AUTO_INCREMENT=60 DEFAULT CHARSET=utf8mb4 COLLATE=utf8mb4_0900_ai_ci;
/*!40101 SET character_set_client = @saved_cs_client */;

--
-- Dumping data for table `tasks`
--

LOCK TABLES `tasks` WRITE;
/*!40000 ALTER TABLE `tasks` DISABLE KEYS */;
INSERT INTO `tasks` VALUES (31,1,'video','Watch Samsung Galaxy Z Fold7 Launch Video','شاهد فيديو إطلاق Samsung Galaxy Z Fold7','Watch the official launch video for the new Samsung Galaxy Z Fold7 and answer questions','شاهد فيديو الإطلاق الرسمي لـ Samsung Galaxy Z Fold7 الجديد وأجب على الأسئلة',25.00,10000.00,400,2,1000.00,'easy',1,'active',NULL,NULL,NULL,NULL,'[\"tier1\",\"tier2\",\"tier3\"]',0,0,NULL,'quiz',80,80,'{\"videoUrl\": \"https://www.youtube.com/watch?v=rNDHl_1fYTE\", \"duration\": 36}','2025-11-10 13:15:55','2025-11-11 22:05:44','2025-11-10 13:15:55',NULL),(42,12,'video','Watch Orange Egypt Best iPhone Price Campaign','شاهد حملة أورانج مصر لأفضل سعر آيفون','Watch Orange Egypt\'s campaign highlighting the best iPhone prices in Egypt.','شاهد حملة أورانج مصر التي تسلط الضوء على أفضل أسعار آيفون في مصر.',28.00,28000.00,1000,0,5000.00,'easy',1,'active',NULL,NULL,NULL,NULL,NULL,0,0,NULL,'automatic',80,80,'{\"videoUrl\": \"https://www.youtube.com/watch?v=LIr8C5Sirxs\", \"duration\": 40}','2025-11-11 21:33:04','2025-11-11 22:05:44',NULL,NULL),(43,3,'video','Watch Powerade Egypt featuring Lamine Yamal','شاهد حملة باوريد مصر مع لامين يامال','Watch Coca-Cola Egypt\'s Powerade campaign featuring Spanish football star Lamine Yamal.','شاهد حملة باوريد من كوكاكولا مصر مع نجم كرة القدم الإسباني لامين يامال.',32.00,25600.00,800,0,5000.00,'medium',1,'active',NULL,NULL,NULL,NULL,NULL,0,0,NULL,'automatic',80,80,'{\"videoUrl\": \"https://www.youtube.com/watch?v=VrZalP1eBPQ\", \"duration\": 50}','2025-11-11 21:33:04','2025-11-11 22:05:44',NULL,NULL),(44,13,'video','Watch Grand Egyptian Museum x Mansour Campaign','شاهد حملة المتحف المصري الكبير مع منصور','Watch the cinematic tribute to Egyptian heritage by Mansour Automotive and the Grand Egyptian Museum.','شاهد التحية السينمائية للتراث المصري من منصور أوتوموتيف والمتحف المصري الكبير.',35.00,17500.00,500,0,5000.00,'medium',2,'active',NULL,NULL,NULL,NULL,NULL,0,0,NULL,'automatic',80,80,'{\"videoUrl\": \"https://www.youtube.com/watch?v=ViQfxgzSNJ8\", \"duration\": 90}','2025-11-11 21:33:04','2025-11-11 22:05:44',NULL,NULL),(45,13,'video','Watch Lamar Farm Natural Milk Campaign','شاهد حملة لمار فارم للحليب الطبيعي','Watch Lamar Farm\'s campaign promoting their natural milk range and healthy living.','شاهد حملة لمار فارم للترويج لمجموعة الحليب الطبيعي والحياة الصحية.',26.00,31200.00,1200,0,5000.00,'easy',1,'active',NULL,NULL,NULL,NULL,NULL,0,0,NULL,'automatic',80,80,'{\"videoUrl\": \"https://www.youtube.com/watch?v=nBwMizoxlQU\", \"duration\": 35}','2025-11-11 21:33:04','2025-11-11 22:05:44',NULL,NULL),(46,2,'survey','Vodafone Service Satisfaction Survey','استطلاع رضا العملاء عن خدمات فودافون','Help Vodafone Egypt improve their services by sharing your experience and opinions about mobile network quality, customer service, and pricing.','ساعد فودافون مصر على تحسين خدماتها من خلال مشاركة تجربتك وآرائك حول جودة الشبكة وخدمة العملاء والأسعار.',12.00,5000.00,100,0,500.00,'easy',5,'active',NULL,NULL,NULL,NULL,NULL,0,0,NULL,'automatic',80,0,'{\"questions\": 5, \"estimatedTime\": \"5 minutes\", \"topic\": \"Mobile network services\", \"language\": \"bilingual\"}','2025-11-12 00:08:45','2025-11-12 00:08:45',NULL,NULL),(47,2,'survey','Vodafone Service Satisfaction Survey','استطلاع رضا العملاء عن خدمات فودافون','Help Vodafone Egypt improve their services by sharing your experience about network quality, customer service, and pricing.','ساعد فودافون مصر على تحسين خدماتها من خلال مشاركة تجربتك حول جودة الشبكة وخدمة العملاء والأسعار.',12.00,5000.00,100,0,500.00,'easy',5,'active',NULL,NULL,NULL,NULL,NULL,0,0,NULL,'automatic',80,0,'{\"questions\": 5, \"estimatedTime\": \"5 minutes\"}','2025-11-12 00:12:27','2025-11-12 00:12:27',NULL,NULL),(48,3,'survey','Coca-Cola Beverage Preferences Survey','استطلاع تفضيلات المشروبات من كوكاكولا','Share your opinions about Coca-Cola products and help shape future flavors and campaigns in Egypt.','شارك آراءك حول منتجات كوكاكولا وساعد في تشكيل النكهات والحملات المستقبلية في مصر.',10.00,4000.00,100,0,400.00,'easy',4,'active',NULL,NULL,NULL,NULL,NULL,0,0,NULL,'automatic',80,0,'{\"questions\": 4, \"estimatedTime\": \"4 minutes\"}','2025-11-12 00:12:27','2025-11-12 00:12:27',NULL,NULL),(50,2,'survey','Vodafone Service Satisfaction Survey','استطلاع رضا العملاء عن خدمات فودافون','Help Vodafone Egypt improve their services by sharing your experience about network quality, customer service, and pricing.','ساعد فودافون مصر على تحسين خدماتها من خلال مشاركة تجربتك حول جودة الشبكة وخدمة العملاء والأسعار.',12.00,5000.00,100,0,500.00,'easy',5,'active',NULL,NULL,NULL,NULL,NULL,0,0,NULL,'automatic',80,0,'{\"questions\": 5, \"estimatedTime\": \"5 minutes\"}','2025-11-12 00:12:59','2025-11-12 00:12:59',NULL,NULL),(51,3,'survey','Coca-Cola Beverage Preferences Survey','استطلاع تفضيلات المشروبات من كوكاكولا','Share your opinions about Coca-Cola products and help shape future flavors and campaigns in Egypt.','شارك آراءك حول منتجات كوكاكولا وساعد في تشكيل النكهات والحملات المستقبلية في مصر.',10.00,4000.00,100,0,400.00,'easy',4,'active',NULL,NULL,NULL,NULL,NULL,0,0,NULL,'automatic',80,0,'{\"questions\": 4, \"estimatedTime\": \"4 minutes\"}','2025-11-12 00:12:59','2025-11-12 00:12:59',NULL,NULL),(52,12,'app_download','Download Talabat App & Explore Restaurants','حمّل تطبيق طلبات واستكشف المطاعم','Download the Talabat food delivery app, browse restaurants in your area, and add items to your cart.','قم بتنزيل تطبيق توصيل الطعام طلبات، وتصفح المطاعم في منطقتك، وأضف العناصر إلى سلة التسوق.',25.00,10000.00,80,0,1000.00,'medium',10,'active',NULL,NULL,NULL,NULL,NULL,0,0,NULL,'automatic',80,0,'{\"appName\": \"Talabat\", \"platform\": \"Android/iOS\", \"appUrl\": \"https://play.google.com/store/apps/details?id=com.talabat\"}','2025-11-12 00:12:59','2025-11-12 00:12:59',NULL,NULL),(53,2,'app_download','Download InstaPay & Explore Features','حمّل InstaPay واستكشف الميزات','Download Egypt\'s instant payment app InstaPay and explore its features for instant money transfers.','قم بتنزيل تطبيق الدفع الفوري InstaPay واستكشف ميزاته لتحويل الأموال الفوري.',28.00,12000.00,75,0,1200.00,'medium',12,'active',NULL,NULL,NULL,NULL,NULL,0,0,NULL,'automatic',80,0,'{\"appName\": \"InstaPay\", \"platform\": \"Android/iOS\"}','2025-11-12 00:12:59','2025-11-12 00:12:59',NULL,NULL),(54,12,'social_media','Follow Orange Egypt on Facebook','تابع Orange Egypt على فيسبوك','Follow Orange Egypt official Facebook page and like their latest iPhone campaign post.','تابع صفحة Orange Egypt الرسمية على فيسبوك وأعجب بأحدث منشور لحملة iPhone.',8.00,3000.00,150,0,300.00,'easy',3,'active',NULL,NULL,NULL,NULL,NULL,0,0,NULL,'automatic',80,0,'{\"platform\": \"Facebook\", \"pageUrl\": \"https://www.facebook.com/OrangeEgypt\"}','2025-11-12 00:12:59','2025-11-12 00:12:59',NULL,NULL),(55,2,'social_media','Follow Vodafone Egypt on Instagram','تابع Vodafone Egypt على إنستجرام','Follow @VodafoneEgypt on Instagram, like their latest 3 posts, and leave a comment.','تابع @VodafoneEgypt على إنستجرام، وأعجب بآخر 3 منشورات، واترك تعليقاً.',10.00,4000.00,120,0,400.00,'easy',5,'active',NULL,NULL,NULL,NULL,NULL,0,0,NULL,'automatic',80,0,'{\"platform\": \"Instagram\", \"accountUrl\": \"https://www.instagram.com/vodafoneegypt/\"}','2025-11-12 00:12:59','2025-11-12 00:12:59',NULL,NULL),(56,13,'quiz','Egypt Tourism Trivia Quiz','اختبار المعلومات السياحية عن مصر','Test your knowledge about Egypt\'s amazing tourist destinations, history, and culture.','اختبر معلوماتك حول الوجهات السياحية المذهلة في مصر والتاريخ والثقافة.',18.00,7000.00,100,0,700.00,'medium',8,'active',NULL,NULL,NULL,NULL,NULL,0,0,NULL,'automatic',70,0,'{\"questionsCount\": 5, \"passingScore\": 70}','2025-11-12 00:12:59','2025-11-12 00:12:59',NULL,NULL),(57,1,'quiz','Samsung Technology Knowledge Quiz','اختبار معرفة تكنولوجيا سامسونج','Test your knowledge about the latest Samsung technology, smartphones, and innovations.','اختبر معلوماتك حول أحدث تقنيات سامسونج والهواتف الذكية والابتكارات.',20.00,8000.00,90,0,800.00,'medium',10,'active',NULL,NULL,NULL,NULL,NULL,0,0,NULL,'automatic',70,0,'{\"questionsCount\": 5, \"passingScore\": 70}','2025-11-12 00:12:59','2025-11-12 00:12:59',NULL,NULL),(58,2,'review','Write Detailed Review of Vodafone Services','اكتب مراجعة مفصلة لخدمات فودافون','Share your honest experience with Vodafone Egypt services covering network quality, customer service, and value.','شارك تجربتك الصادقة مع خدمات فودافون مصر من حيث جودة الشبكة وخدمة العملاء والقيمة.',35.00,15000.00,50,0,1500.00,'hard',15,'active',NULL,NULL,NULL,NULL,NULL,0,0,NULL,'automatic',80,0,'{\"reviewType\": \"Service review\", \"minWords\": 100}','2025-11-12 00:12:59','2025-11-12 00:12:59',NULL,NULL),(59,1,'review','Review Your Samsung Device Experience','راجع تجربتك مع جهاز سامسونج','Write a comprehensive review sharing your experience with Samsung products and features.','اكتب مراجعة شاملة تشارك فيها تجربتك مع منتجات وميزات سامسونج.',40.00,18000.00,45,0,1800.00,'hard',20,'active',NULL,NULL,NULL,NULL,NULL,0,0,NULL,'automatic',80,0,'{\"reviewType\": \"Product review\", \"minWords\": 150}','2025-11-12 00:12:59','2025-11-12 00:12:59',NULL,NULL);
/*!40000 ALTER TABLE `tasks` ENABLE KEYS */;
UNLOCK TABLES;

--
-- Table structure for table `task_questions`
--

DROP TABLE IF EXISTS `task_questions`;
/*!40101 SET @saved_cs_client     = @@character_set_client */;
/*!50503 SET character_set_client = utf8mb4 */;
CREATE TABLE `task_questions` (
  `id` int NOT NULL AUTO_INCREMENT,
  `taskId` int NOT NULL,
  `questionText` text CHARACTER SET utf8mb4 COLLATE utf8mb4_unicode_ci NOT NULL,
  `questionTextAr` text CHARACTER SET utf8mb4 COLLATE utf8mb4_unicode_ci,
  `questionOrder` int NOT NULL,
  `questionType` varchar(50) CHARACTER SET utf8mb4 COLLATE utf8mb4_unicode_ci DEFAULT 'multiple_choice',
  `optionA` text CHARACTER SET utf8mb4 COLLATE utf8mb4_unicode_ci,
  `optionAAr` text CHARACTER SET utf8mb4 COLLATE utf8mb4_unicode_ci,
  `optionB` text CHARACTER SET utf8mb4 COLLATE utf8mb4_unicode_ci,
  `optionBAr` text CHARACTER SET utf8mb4 COLLATE utf8mb4_unicode_ci,
  `optionC` text CHARACTER SET utf8mb4 COLLATE utf8mb4_unicode_ci,
  `optionCAr` text CHARACTER SET utf8mb4 COLLATE utf8mb4_unicode_ci,
  `optionD` text CHARACTER SET utf8mb4 COLLATE utf8mb4_unicode_ci,
  `optionDAr` text CHARACTER SET utf8mb4 COLLATE utf8mb4_unicode_ci,
  `correctAnswer` varchar(10) CHARACTER SET utf8mb4 COLLATE utf8mb4_unicode_ci DEFAULT NULL,
  `explanation` text CHARACTER SET utf8mb4 COLLATE utf8mb4_unicode_ci,
  `explanationAr` text CHARACTER SET utf8mb4 COLLATE utf8mb4_unicode_ci,
  `imageUrl` text CHARACTER SET utf8mb4 COLLATE utf8mb4_unicode_ci,
  `createdAt` datetime DEFAULT CURRENT_TIMESTAMP,
  PRIMARY KEY (`id`),
  KEY `idx_questions_task` (`taskId`),
  CONSTRAINT `task_questions_ibfk_1` FOREIGN KEY (`taskId`) REFERENCES `tasks` (`id`) ON DELETE CASCADE
) ENGINE=InnoDB AUTO_INCREMENT=198 DEFAULT CHARSET=utf8mb4 COLLATE=utf8mb4_unicode_ci;
/*!40101 SET character_set_client = @saved_cs_client */;

--
-- Dumping data for table `task_questions`
--

LOCK TABLES `task_questions` WRITE;
/*!40000 ALTER TABLE `task_questions` DISABLE KEYS */;
INSERT INTO `task_questions` VALUES (101,31,'What is the main feature of Galaxy Z Fold7?','ما هي الميزة الرئيسية لـ Galaxy Z Fold7؟',1,'multiple_choice','Water resistance','مقاومة الماء','Foldable screen','شاشة قابلة للطي','Wireless charging','شحن لاسلكي','5G connectivity','اتصال 5G','B','The foldable screen is the signature feature','الشاشة القابلة للطي هي الميزة المميزة',NULL,'2025-11-10 13:16:25'),(102,31,'What type of screen does it have?','ما نوع الشاشة؟',2,'multiple_choice','LCD','LCD','OLED','OLED','Dynamic AMOLED','Dynamic AMOLED','IPS','IPS','C','Samsung uses Dynamic AMOLED technology','تستخدم سامسونج تقنية Dynamic AMOLED',NULL,'2025-11-10 13:16:25'),(105,31,'What is the brand name of the device?','ما هو اسم العلامة التجارية للجهاز؟',3,'multiple_choice','Samsung','سامسونج','Apple','آبل','Huawei','هواوي','Xiaomi','شاومي','A',NULL,NULL,NULL,'2025-11-10 16:34:35'),(106,31,'What is the main innovation highlighted?','ما هو الابتكار الرئيسي المميز؟',4,'multiple_choice','Foldable design','تصميم قابل للطي','Waterproof','مقاوم للماء','5G speed','سرعة 5G','Wireless charging','شحن لاسلكي','A',NULL,NULL,NULL,'2025-11-10 16:34:35'),(107,31,'What series does this phone belong to?','إلى أي سلسلة ينتمي هذا الهاتف؟',5,'multiple_choice','Galaxy Z Fold','جالاكسي زد فولد','Galaxy S','جالاكسي إس','Galaxy Note','جالاكسي نوت','Galaxy A','جالاكسي إيه','A',NULL,NULL,NULL,'2025-11-10 16:34:35'),(133,42,'What is Orange Egypt promoting?','ماذا تروج أورانج مصر؟',1,'multiple_choice','Best iPhone prices',NULL,'Free data',NULL,'New network',NULL,'SIM cards',NULL,'A',NULL,NULL,NULL,'2025-11-11 21:33:04'),(134,42,'What color is associated with Orange brand?','ما اللون المرتبط بعلامة أورانج التجارية؟',2,'multiple_choice','Red',NULL,'Blue',NULL,'Orange',NULL,'Green',NULL,'C',NULL,NULL,NULL,'2025-11-11 21:33:04'),(135,42,'What type of service does Orange provide?','ما نوع الخدمة التي تقدمها أورانج؟',3,'multiple_choice','Banking',NULL,'Telecommunications',NULL,'Insurance',NULL,'Real Estate',NULL,'B',NULL,NULL,NULL,'2025-11-11 21:33:04'),(136,42,'What is the main message of this campaign?','ما هي الرسالة الرئيسية لهذه الحملة؟',4,'multiple_choice','Fastest network',NULL,'Best prices',NULL,'Most coverage',NULL,'Free calls',NULL,'B',NULL,NULL,NULL,'2025-11-11 21:33:04'),(137,42,'Which product is featured?','ما المنتج المعروض؟',5,'multiple_choice','Android phones',NULL,'iPhone',NULL,'Tablets',NULL,'Laptops',NULL,'B',NULL,NULL,NULL,'2025-11-11 21:33:04'),(138,43,'Who is the celebrity featured in this campaign?','من هو المشهور المعروض في هذه الحملة؟',1,'multiple_choice','Cristiano Ronaldo',NULL,'Lamine Yamal',NULL,'Mohamed Salah',NULL,'Lionel Messi',NULL,'B',NULL,NULL,NULL,'2025-11-11 21:33:04'),(139,43,'What product is being advertised?','ما المنتج المعلن عنه؟',2,'multiple_choice','Energy drink',NULL,'Soft drink',NULL,'Water',NULL,'Juice',NULL,'A',NULL,NULL,NULL,'2025-11-11 21:33:04'),(140,43,'What is the brand name?','ما اسم العلامة التجارية؟',3,'multiple_choice','Gatorade',NULL,'Red Bull',NULL,'Powerade',NULL,'Monster',NULL,'C',NULL,NULL,NULL,'2025-11-11 21:33:04'),(141,43,'What sport is Lamine Yamal known for?','ما الرياضة التي يشتهر بها لامين يامال؟',4,'multiple_choice','Basketball',NULL,'Tennis',NULL,'Football',NULL,'Swimming',NULL,'C',NULL,NULL,NULL,'2025-11-11 21:33:04'),(142,43,'Which company owns Powerade?','أي شركة تمتلك باوريد؟',5,'multiple_choice','PepsiCo',NULL,'Coca-Cola',NULL,'Nestle',NULL,'Unilever',NULL,'B',NULL,NULL,NULL,'2025-11-11 21:33:04'),(143,44,'What is the Grand Egyptian Museum celebrating?','ماذا يحتفل المتحف المصري الكبير؟',1,'multiple_choice','Modern art',NULL,'Egyptian heritage',NULL,'Technology',NULL,'Sports',NULL,'B',NULL,NULL,NULL,'2025-11-11 21:33:04'),(144,44,'Which company partnered with the museum?','أي شركة شاركت مع المتحف؟',2,'multiple_choice','Mansour Automotive',NULL,'GB Auto',NULL,'Bavarian Auto',NULL,'Al-Futtaim',NULL,'A',NULL,NULL,NULL,'2025-11-11 21:33:04'),(145,44,'What type of campaign is this?','ما نوع هذه الحملة؟',3,'multiple_choice','Product launch',NULL,'Cultural tribute',NULL,'Sale promotion',NULL,'Service announcement',NULL,'B',NULL,NULL,NULL,'2025-11-11 21:33:04'),(146,44,'What industry is Mansour Automotive in?','في أي صناعة تعمل منصور أوتوموتيف؟',4,'multiple_choice','Food',NULL,'Automotive',NULL,'Technology',NULL,'Fashion',NULL,'B',NULL,NULL,NULL,'2025-11-11 21:33:04'),(147,44,'Where is the Grand Egyptian Museum located?','أين يقع المتحف المصري الكبير؟',5,'multiple_choice','Alexandria',NULL,'Luxor',NULL,'Cairo',NULL,'Aswan',NULL,'C',NULL,NULL,NULL,'2025-11-11 21:33:04'),(148,45,'What product does Lamar Farm promote?','ما المنتج الذي تروج له لمار فارم؟',1,'multiple_choice','Cheese',NULL,'Natural milk',NULL,'Yogurt',NULL,'Butter',NULL,'B',NULL,NULL,NULL,'2025-11-11 21:33:04'),(149,45,'What is the main benefit highlighted?','ما الفائدة الرئيسية المسلطة عليها؟',2,'multiple_choice','Low price',NULL,'Natural quality',NULL,'Long shelf life',NULL,'Many flavors',NULL,'B',NULL,NULL,NULL,'2025-11-11 21:33:04'),(150,45,'What industry is Lamar Farm in?','في أي صناعة تعمل لمار فارم؟',3,'multiple_choice','Dairy products',NULL,'Beverages',NULL,'Snacks',NULL,'Frozen foods',NULL,'A',NULL,NULL,NULL,'2025-11-11 21:33:04'),(151,45,'What lifestyle does this campaign promote?','ما نمط الحياة الذي تروج له هذه الحملة؟',4,'multiple_choice','Luxury',NULL,'Healthy living',NULL,'Fast-paced',NULL,'Budget-friendly',NULL,'B',NULL,NULL,NULL,'2025-11-11 21:33:04'),(152,45,'What type of milk is featured?','ما نوع الحليب المعروض؟',5,'multiple_choice','Flavored',NULL,'Natural',NULL,'Chocolate',NULL,'Almond',NULL,'B',NULL,NULL,NULL,'2025-11-11 21:33:04'),(153,47,'How satisfied are you with Vodafone network coverage?','ما مدى رضاك عن تغطية شبكة فودافون؟',1,'multiple_choice','Very Satisfied','راضٍ جداً','Satisfied','راضٍ','Neutral','محايد','Dissatisfied','غير راضٍ','A',NULL,NULL,NULL,'2025-11-12 00:12:27'),(154,47,'How would you rate Vodafone customer service?','كيف تقيم خدمة عملاء فودافون؟',2,'multiple_choice','Excellent','ممتاز','Good','جيد','Average','متوسط','Poor','ضعيف','A',NULL,NULL,NULL,'2025-11-12 00:12:27'),(155,47,'Do you find Vodafone pricing competitive?','هل تجد أسعار فودافون تنافسية؟',3,'multiple_choice','Yes, very competitive','نعم، تنافسية جداً','Somewhat competitive','تنافسية إلى حد ما','Average','متوسط','Not competitive','غير تنافسية','A',NULL,NULL,NULL,'2025-11-12 00:12:27'),(156,47,'How often do you use Vodafone data services?','كم مرة تستخدم خدمات بيانات فودافون؟',4,'multiple_choice','Daily','يومياً','Several times a week','عدة مرات في الأسبوع','Weekly','أسبوعياً','Rarely','نادراً','A',NULL,NULL,NULL,'2025-11-12 00:12:27'),(157,47,'Would you recommend Vodafone to friends?','هل توصي بفودافون لأصدقائك؟',5,'multiple_choice','Definitely yes','بالتأكيد نعم','Probably yes','ربما نعم','Not sure','غير متأكد','Probably not','ربما لا','A',NULL,NULL,NULL,'2025-11-12 00:12:27'),(158,48,'Which Coca-Cola product do you prefer?','ما هو منتج كوكاكولا المفضل لديك؟',1,'multiple_choice','Coca-Cola Classic','كوكاكولا الكلاسيكية','Coca-Cola Zero','كوكاكولا زيرو','Sprite','سبرايت','Fanta','فانتا','A',NULL,NULL,NULL,'2025-11-12 00:12:27'),(159,48,'How often do you purchase Coca-Cola products?','كم مرة تشتري منتجات كوكاكولا؟',2,'multiple_choice','Daily','يومياً','Several times a week','عدة مرات في الأسبوع','Weekly','أسبوعياً','Monthly','شهرياً','A',NULL,NULL,NULL,'2025-11-12 00:12:27'),(160,48,'Where do you usually buy Coca-Cola?','أين تشتري كوكاكولا عادة؟',3,'multiple_choice','Supermarket','سوبر ماركت','Corner store','بقالة','Restaurant','مطعم','Online delivery','توصيل أونلاين','A',NULL,NULL,NULL,'2025-11-12 00:12:27'),(161,48,'What size do you prefer?','ما الحجم الذي تفضله؟',4,'multiple_choice','Small (250ml)','صغير (250 مل)','Regular (330ml)','عادي (330 مل)','Large (500ml)','كبير (500 مل)','Family (1.5L)','عائلي (1.5 لتر)','A',NULL,NULL,NULL,'2025-11-12 00:12:27'),(162,50,'How satisfied are you with Vodafone network coverage?','ما مدى رضاك عن تغطية شبكة فودافون؟',1,'multiple_choice','Very Satisfied','راضٍ جداً','Satisfied','راضٍ','Neutral','محايد','Dissatisfied','غير راضٍ','A',NULL,NULL,NULL,'2025-11-12 00:12:59'),(163,50,'How would you rate Vodafone customer service?','كيف تقيم خدمة عملاء فودافون؟',2,'multiple_choice','Excellent','ممتاز','Good','جيد','Average','متوسط','Poor','ضعيف','A',NULL,NULL,NULL,'2025-11-12 00:12:59'),(164,50,'Do you find Vodafone pricing competitive?','هل تجد أسعار فودافون تنافسية؟',3,'multiple_choice','Yes, very competitive','نعم، تنافسية جداً','Somewhat competitive','تنافسية إلى حد ما','Average','متوسط','Not competitive','غير تنافسية','A',NULL,NULL,NULL,'2025-11-12 00:12:59'),(165,50,'How often do you use Vodafone data services?','كم مرة تستخدم خدمات بيانات فودافون؟',4,'multiple_choice','Daily','يومياً','Several times a week','عدة مرات في الأسبوع','Weekly','أسبوعياً','Rarely','نادراً','A',NULL,NULL,NULL,'2025-11-12 00:12:59'),(166,50,'Would you recommend Vodafone to friends?','هل توصي بفودافون لأصدقائك؟',5,'multiple_choice','Definitely yes','بالتأكيد نعم','Probably yes','ربما نعم','Not sure','غير متأكد','Probably not','ربما لا','A',NULL,NULL,NULL,'2025-11-12 00:12:59'),(167,51,'Which Coca-Cola product do you prefer?','ما هو منتج كوكاكولا المفضل لديك؟',1,'multiple_choice','Coca-Cola Classic','كوكاكولا الكلاسيكية','Coca-Cola Zero','كوكاكولا زيرو','Sprite','سبرايت','Fanta','فانتا','A',NULL,NULL,NULL,'2025-11-12 00:12:59'),(168,51,'How often do you purchase Coca-Cola products?','كم مرة تشتري منتجات كوكاكولا؟',2,'multiple_choice','Daily','يومياً','Several times a week','عدة مرات في الأسبوع','Weekly','أسبوعياً','Monthly','شهرياً','A',NULL,NULL,NULL,'2025-11-12 00:12:59'),(169,51,'Where do you usually buy Coca-Cola?','أين تشتري كوكاكولا عادة؟',3,'multiple_choice','Supermarket','سوبر ماركت','Corner store','بقالة','Restaurant','مطعم','Online delivery','توصيل أونلاين','A',NULL,NULL,NULL,'2025-11-12 00:12:59'),(170,51,'What size do you prefer?','ما الحجم الذي تفضله؟',4,'multiple_choice','Small (250ml)','صغير (250 مل)','Regular (330ml)','عادي (330 مل)','Large (500ml)','كبير (500 مل)','Family (1.5L)','عائلي (1.5 لتر)','A',NULL,NULL,NULL,'2025-11-12 00:12:59'),(171,52,'Did you successfully download the Talabat app?','هل نجحت في تحميل تطبيق طلبات؟',1,'multiple_choice','Yes','نعم','No','لا','Not yet','ليس بعد','Had issues','واجهت مشاكل','A',NULL,NULL,NULL,'2025-11-12 00:12:59'),(172,52,'How many restaurants did you browse?','كم عدد المطاعم التي تصفحتها؟',2,'multiple_choice','5 or more','5 أو أكثر','3-4','3-4','1-2','1-2','None','لا شيء','A',NULL,NULL,NULL,'2025-11-12 00:12:59'),(173,52,'Did you add items to your cart?','هل أضفت عناصر إلى سلة التسوق؟',3,'multiple_choice','Yes','نعم','No','لا','Browsed only','تصفحت فقط','Will do later','سأفعل لاحقاً','A',NULL,NULL,NULL,'2025-11-12 00:12:59'),(174,53,'Did you download InstaPay successfully?','هل نجحت في تحميل InstaPay؟',1,'multiple_choice','Yes','نعم','No','لا','In progress','قيد التنفيذ','Had issues','واجهت مشاكل','A',NULL,NULL,NULL,'2025-11-12 00:12:59'),(175,53,'Which feature did you explore?','ما الميزة التي استكشفتها؟',2,'multiple_choice','Instant transfer','التحويل الفوري','Bill payment','دفع الفواتير','Mobile recharge','شحن الموبايل','All of the above','كل ما سبق','D',NULL,NULL,NULL,'2025-11-12 00:12:59'),(176,54,'Did you follow Orange Egypt on Facebook?','هل تابعت Orange Egypt على فيسبوك؟',1,'multiple_choice','Yes','نعم','No','لا','Already following','أتابع بالفعل','Will do later','سأفعل لاحقاً','A',NULL,NULL,NULL,'2025-11-12 00:12:59'),(177,54,'Did you like the campaign post?','هل أعجبت بمنشور الحملة؟',2,'multiple_choice','Yes','نعم','No','لا','Could not find it','لم أجده','Already liked','أعجبت به بالفعل','A',NULL,NULL,NULL,'2025-11-12 00:12:59'),(178,55,'Did you follow Vodafone Egypt on Instagram?','هل تابعت Vodafone Egypt على إنستجرام؟',1,'multiple_choice','Yes','نعم','No','لا','Already following','أتابع بالفعل','Will do later','سأفعل لاحقاً','A',NULL,NULL,NULL,'2025-11-12 00:12:59'),(179,55,'How many posts did you like?','كم عدد المنشورات التي أعجبت بها؟',2,'multiple_choice','3 or more','3 أو أكثر','2','2','1','1','None','لا شيء','A',NULL,NULL,NULL,'2025-11-12 00:12:59'),(180,55,'Did you leave a comment?','هل تركت تعليقاً؟',3,'multiple_choice','Yes','نعم','No','لا','Will do later','سأفعل لاحقاً','Already commented','علقت بالفعل','A',NULL,NULL,NULL,'2025-11-12 00:12:59'),(181,56,'Which pyramid is the largest in Egypt?','أي هرم هو الأكبر في مصر؟',1,'multiple_choice','Great Pyramid of Khufu','هرم خوفو الأكبر','Pyramid of Khafre','هرم خفرع','Pyramid of Menkaure','هرم منقرع','Step Pyramid','الهرم المدرج','A',NULL,NULL,NULL,'2025-11-12 00:12:59'),(182,56,'What is the capital of Egypt?','ما هي عاصمة مصر؟',2,'multiple_choice','Cairo','القاهرة','Alexandria','الإسكندرية','Giza','الجيزة','Luxor','الأقصر','A',NULL,NULL,NULL,'2025-11-12 00:12:59'),(183,56,'Which sea borders Egypt to the east?','أي بحر يحد مصر من الشرق؟',3,'multiple_choice','Red Sea','البحر الأحمر','Mediterranean Sea','البحر المتوسط','Dead Sea','البحر الميت','Arabian Sea','بحر العرب','A',NULL,NULL,NULL,'2025-11-12 00:12:59'),(184,56,'The Grand Egyptian Museum is located in which city?','يقع المتحف المصري الكبير في أي مدينة؟',4,'multiple_choice','Giza','الجيزة','Cairo','القاهرة','Luxor','الأقصر','Alexandria','الإسكندرية','A',NULL,NULL,NULL,'2025-11-12 00:12:59'),(185,56,'What is the longest river in Egypt?','ما هو أطول نهر في مصر؟',5,'multiple_choice','Nile River','نهر النيل','Jordan River','نهر الأردن','Euphrates River','نهر الفرات','Tigris River','نهر دجلة','A',NULL,NULL,NULL,'2025-11-12 00:12:59'),(186,57,'What is Samsung\'s flagship smartphone series?','ما هي سلسلة هواتف سامسونج الرائدة؟',1,'multiple_choice','Galaxy S','جالاكسي S','Galaxy A','جالاكسي A','Galaxy M','جالاكسي M','Galaxy Note','جالاكسي نوت','A',NULL,NULL,NULL,'2025-11-12 00:12:59'),(187,57,'Which feature allows wireless charging?','ما الميزة التي تتيح الشحن اللاسلكي؟',2,'multiple_choice','Wireless PowerShare','PowerShare اللاسلكي','Fast Charging','الشحن السريع','Super Charging','الشحن الفائق','Quick Charge','الشحن السريع','A',NULL,NULL,NULL,'2025-11-12 00:12:59'),(188,57,'What does AMOLED stand for?','ماذا يعني AMOLED؟',3,'multiple_choice','Active Matrix OLED','مصفوفة نشطة OLED','Advanced Mobile OLED','OLED محمول متقدم','Automatic Matrix LED','مصفوفة تلقائية LED','Active Mobile LED','LED محمول نشط','A',NULL,NULL,NULL,'2025-11-12 00:12:59'),(189,57,'Which series is known for foldable phones?','أي سلسلة معروفة بالهواتف القابلة للطي؟',4,'multiple_choice','Galaxy Z','جالاكسي Z','Galaxy S','جالاكسي S','Galaxy A','جالاكسي A','Galaxy F','جالاكسي F','A',NULL,NULL,NULL,'2025-11-12 00:12:59'),(190,57,'What is Samsung\'s virtual assistant called?','ما اسم المساعد الافتراضي لسامسونج؟',5,'multiple_choice','Bixby','بيكسبي','Alexa','أليكسا','Siri','سيري','Google Assistant','مساعد جوجل','A',NULL,NULL,NULL,'2025-11-12 00:12:59'),(191,58,'Did you write at least 100 words?','هل كتبت 100 كلمة على الأقل؟',1,'multiple_choice','Yes','نعم','No','لا','Close to 100','قريب من 100','More than 100','أكثر من 100','A',NULL,NULL,NULL,'2025-11-12 00:12:59'),(192,58,'Did you cover network quality?','هل غطيت جودة الشبكة؟',2,'multiple_choice','Yes','نعم','No','لا','Briefly','بإيجاز','In detail','بالتفصيل','A',NULL,NULL,NULL,'2025-11-12 00:12:59'),(193,58,'Did you mention customer service?','هل ذكرت خدمة العملاء؟',3,'multiple_choice','Yes','نعم','No','لا','Briefly','بإيجاز','In detail','بالتفصيل','A',NULL,NULL,NULL,'2025-11-12 00:12:59'),(194,59,'Did you write at least 150 words?','هل كتبت 150 كلمة على الأقل؟',1,'multiple_choice','Yes','نعم','No','لا','Close to 150','قريب من 150','More than 150','أكثر من 150','A',NULL,NULL,NULL,'2025-11-12 00:12:59'),(195,59,'Did you discuss product features?','هل ناقشت ميزات المنتج؟',2,'multiple_choice','Yes','نعم','No','لا','Briefly','بإيجاز','In detail','بالتفصيل','A',NULL,NULL,NULL,'2025-11-12 00:12:59'),(196,59,'Did you mention value for money?','هل ذكرت القيمة مقابل المال؟',3,'multiple_choice','Yes','نعم','No','لا','Briefly','بإيجاز','In detail','بالتفصيل','A',NULL,NULL,NULL,'2025-11-12 00:12:59'),(197,59,'Would you recommend Samsung products?','هل توصي بمنتجات سامسونج؟',4,'multiple_choice','Yes','نعم','No','لا','Maybe','ربما','Highly recommend','أوصي بشدة','A',NULL,NULL,NULL,'2025-11-12 00:12:59');
/*!40000 ALTER TABLE `task_questions` ENABLE KEYS */;
UNLOCK TABLES;
/*!40103 SET TIME_ZONE=@OLD_TIME_ZONE */;

/*!40101 SET SQL_MODE=@OLD_SQL_MODE */;
/*!40014 SET FOREIGN_KEY_CHECKS=@OLD_FOREIGN_KEY_CHECKS */;
/*!40014 SET UNIQUE_CHECKS=@OLD_UNIQUE_CHECKS */;
/*!40101 SET CHARACTER_SET_CLIENT=@OLD_CHARACTER_SET_CLIENT */;
/*!40101 SET CHARACTER_SET_RESULTS=@OLD_CHARACTER_SET_RESULTS */;
/*!40101 SET COLLATION_CONNECTION=@OLD_COLLATION_CONNECTION */;
/*!40111 SET SQL_NOTES=@OLD_SQL_NOTES */;

-- Dump completed on 2025-11-11 19:19:13
